anomes_encendido,FLAG_TC,bucket,bucket_ord,qtd_propostas
202601,1. TC Full,0,0,1414477
202601,1. TC Full,1,1,1156394
202601,1. TC Full,2,2,588106
202601,1. TC Full,3,3,414297
202601,1. TC Full,4,4,448041
202601,1. TC Full,5,5,535676
202601,1. TC Full,6,6,594357
202601,1. TC Full,7,7,624546
202601,1. TC Full,8,8,616121
202601,1. TC Full,9,9,613605
202601,1. TC Full,10+,10,3402225
202601,2. Micro TC,0,0,103349
202601,2. Micro TC,1,1,39771
202601,2. Micro TC,2,2,30290
202601,2. Micro TC,3,3,30271
202601,2. Micro TC,4,4,47060
202601,2. Micro TC,5,5,90646
202601,2. Micro TC,6,6,60225
202601,2. Micro TC,7,7,54858
202601,2. Micro TC,8,8,55665
202601,2. Micro TC,9,9,56850
202601,2. Micro TC,10+,10,427697
202602,1. TC Full,0,0,1832854
202602,1. TC Full,1,1,1468380
202602,1. TC Full,2,2,856171
202602,1. TC Full,3,3,834052
202602,1. TC Full,4,4,1106307
202602,1. TC Full,5,5,1358730
202602,1. TC Full,6,6,1305566
202602,1. TC Full,7,7,1022311
202602,1. TC Full,8,8,702658
202602,1. TC Full,9,9,452916
202602,1. TC Full,10+,10,881247
202602,2. Micro TC,0,0,158384
202602,2. Micro TC,1,1,45370
202602,2. Micro TC,2,2,35996
202602,2. Micro TC,3,3,51630
202602,2. Micro TC,4,4,138187
202602,2. Micro TC,5,5,87007
202602,2. Micro TC,6,6,78737
202602,2. Micro TC,7,7,91597
202602,2. Micro TC,8,8,119345
202602,2. Micro TC,9,9,79361
202602,2. Micro TC,10+,10,343070
202603,1. TC Full,0,0,1734196
202603,1. TC Full,1,1,991345
202603,1. TC Full,2,2,801505
202603,1. TC Full,3,3,589605
202603,1. TC Full,4,4,608303
202603,1. TC Full,5,5,674037
202603,1. TC Full,6,6,677634
202603,1. TC Full,7,7,650106
202603,1. TC Full,8,8,601582
202603,1. TC Full,9,9,590540
202603,1. TC Full,10+,10,4016837
202603,2. Micro TC,0,0,122896
202603,2. Micro TC,1,1,56015
202603,2. Micro TC,2,2,52099
202603,2. Micro TC,3,3,60060
202603,2. Micro TC,4,4,80975
202603,2. Micro TC,5,5,178151
202603,2. Micro TC,6,6,143196
202603,2. Micro TC,7,7,93948
202603,2. Micro TC,8,8,79167
202603,2. Micro TC,9,9,75126
202603,2. Micro TC,10+,10,267493
202604,1. TC Full,0,0,1633871
202604,1. TC Full,1,1,1110004
202604,1. TC Full,2,2,651323
202604,1. TC Full,3,3,619225
202604,1. TC Full,4,4,729434
202604,1. TC Full,5,5,799608
202604,1. TC Full,6,6,843853
202604,1. TC Full,7,7,886997
202604,1. TC Full,8,8,888208
202604,1. TC Full,9,9,806135
202604,1. TC Full,10+,10,2492588
202604,2. Micro TC,0,0,192230
202604,2. Micro TC,1,1,71112
202604,2. Micro TC,2,2,65584
202604,2. Micro TC,3,3,70051
202604,2. Micro TC,4,4,104881
202604,2. Micro TC,5,5,194722
202604,2. Micro TC,6,6,154954
202604,2. Micro TC,7,7,92628
202604,2. Micro TC,8,8,78085
202604,2. Micro TC,9,9,76322
202604,2. Micro TC,10+,10,241764
202605,1. TC Full,0,0,2169954
202605,1. TC Full,1,1,967324
202605,1. TC Full,2,2,736528
202605,1. TC Full,3,3,699507
202605,1. TC Full,4,4,765753
202605,1. TC Full,5,5,828480
202605,1. TC Full,6,6,857156
202605,1. TC Full,7,7,804592
202605,1. TC Full,8,8,739349
202605,1. TC Full,9,9,682537
202605,1. TC Full,10+,10,2254120
202605,2. Micro TC,0,0,313970
202605,2. Micro TC,1,1,206639
202605,2. Micro TC,2,2,146471
202605,2. Micro TC,3,3,126161
202605,2. Micro TC,4,4,136027
202605,2. Micro TC,5,5,129209
202605,2. Micro TC,6,6,141121
202605,2. Micro TC,7,7,132282
202605,2. Micro TC,8,8,84325
202605,2. Micro TC,9,9,45969
202605,2. Micro TC,10+,10,51401
202606,1. TC Full,0,0,1795302
202606,1. TC Full,1,1,681013
202606,1. TC Full,2,2,558079
202606,1. TC Full,3,3,510943
202606,1. TC Full,4,4,543367
202606,1. TC Full,5,5,606565
202606,1. TC Full,6,6,668791
202606,1. TC Full,7,7,711369
202606,1. TC Full,8,8,726205
202606,1. TC Full,9,9,708581
202606,1. TC Full,10+,10,2409572
202606,2. Micro TC,0,0,325462
202606,2. Micro TC,1,1,184314
202606,2. Micro TC,2,2,172234
202606,2. Micro TC,3,3,158309
202606,2. Micro TC,4,4,163865
202606,2. Micro TC,5,5,169851
202606,2. Micro TC,6,6,143084
202606,2. Micro TC,7,7,87506
202606,2. Micro TC,8,8,48117
202606,2. Micro TC,9,9,29057
202606,2. Micro TC,10+,10,58286
202607,1. TC Full,0,0,2086323
202607,1. TC Full,1,1,711534
202607,1. TC Full,2,2,537638
202607,1. TC Full,3,3,554235
202607,1. TC Full,4,4,617110
202607,1. TC Full,5,5,686796
202607,1. TC Full,6,6,742964
202607,1. TC Full,7,7,778542
202607,1. TC Full,8,8,773940
202607,1. TC Full,9,9,707489
202607,1. TC Full,10+,10,1710704
202607,2. Micro TC,0,0,268524
202607,2. Micro TC,1,1,110589
202607,2. Micro TC,2,2,99534
202607,2. Micro TC,3,3,108966
202607,2. Micro TC,4,4,114265
202607,2. Micro TC,5,5,121813
202607,2. Micro TC,6,6,122525
202607,2. Micro TC,7,7,104805
202607,2. Micro TC,8,8,92097
202607,2. Micro TC,9,9,66529
202607,2. Micro TC,10+,10,50926
202608,1. TC Full,0,0,2790334
202608,1. TC Full,1,1,1111151
202608,1. TC Full,2,2,1125616
202608,1. TC Full,3,3,1286645
202608,1. TC Full,4,4,1226749
202608,1. TC Full,5,5,975828
202608,1. TC Full,6,6,588767
202608,1. TC Full,7,7,285734
202608,1. TC Full,8,8,111376
202608,1. TC Full,9,9,34140
202608,1. TC Full,10+,10,14931
202608,2. Micro TC,0,0,376672
202608,2. Micro TC,1,1,157137
202608,2. Micro TC,2,2,149555
202608,2. Micro TC,3,3,170193
202608,2. Micro TC,4,4,172164
202608,2. Micro TC,5,5,116755
202608,2. Micro TC,6,6,50244
202608,2. Micro TC,7,7,21298
202608,2. Micro TC,8,8,8476
202608,2. Micro TC,9,9,3479
202608,2. Micro TC,10+,10,1412
